"","城市","2004白血病男","2004非何杰金氏淋巴瘤男","2004肺、支氣管及氣管癌男","2004肝和肝內膽管癌男","2004結腸癌男","2004口腔、口咽及下咽癌男","2004女性乳房癌男","2004攝護腺癌男","2004食道癌男","2004胃癌男","2004胰臟癌男","2004直腸和肛門癌男","2004子宮頸癌男","2005白血病男","2005非何杰金氏淋巴瘤男","2005肺、支氣管及氣管癌男","2005肝和肝內膽管癌男","2005結腸癌男","2005口腔、口咽及下咽癌男","2005女性乳房癌男","2005攝護腺癌男","2005食道癌男","2005胃癌男","2005胰臟癌男","2005直腸和肛門癌男","2005子宮頸癌男","2006白血病男","2006非何杰金氏淋巴瘤男","2006肺、支氣管及氣管癌男","2006肝和肝內膽管癌男","2006結腸癌男","2006口腔、口咽及下咽癌男","2006女性乳房癌男","2006攝護腺癌男","2006食道癌男","2006胃癌男","2006胰臟癌男","2006直腸和肛門癌男","2006子宮頸癌男","2007白血病男","2007非何杰金氏淋巴瘤男","2007肺、支氣管及氣管癌男","2007肝和肝內膽管癌男","2007結腸癌男","2007口腔、口咽及下咽癌男","2007女性乳房癌男","2007攝護腺癌男","2007食道癌男","2007胃癌男","2007胰臟癌男","2007直腸和肛門癌男","2007子宮頸癌男","2008白血病男","2008非何杰金氏淋巴瘤男","2008肺、支氣管及氣管癌男","2008肝和肝內膽管癌男","2008結腸癌男","2008口腔、口咽及下咽癌男","2008女性乳房癌男","2008攝護腺癌男","2008食道癌男","2008胃癌男","2008胰臟癌男","2008直腸和肛門癌男","2008子宮頸癌男","2009白血病男","2009非何杰金氏淋巴瘤男","2009肺、支氣管及氣管癌男","2009肝和肝內膽管癌男","2009結腸癌男","2009口腔、口咽及下咽癌男","2009女性乳房癌男","2009攝護腺癌男","2009食道癌男","2009胃癌男","2009胰臟癌男","2009直腸和肛門癌男","2009子宮頸癌男","2010白血病男","2010非何杰金氏淋巴瘤男","2010肺、支氣管及氣管癌男","2010肝和肝內膽管癌男","2010結腸癌男","2010口腔、口咽及下咽癌男","2010女性乳房癌男","2010攝護腺癌男","2010食道癌男","2010胃癌男","2010胰臟癌男","2010直腸和肛門癌男","2010子宮頸癌男","2011白血病男","2011非何杰金氏淋巴瘤男","2011肺、支氣管及氣管癌男","2011肝和肝內膽管癌男","2011結腸癌男","2011口腔、口咽及下咽癌男","2011女性乳房癌男","2011攝護腺癌男","2011食道癌男","2011胃癌男","2011胰臟癌男","2011直腸和肛門癌男","2011子宮頸癌男","2012白血病男","2012非何杰金氏淋巴瘤男","2012肺、支氣管及氣管癌男","2012肝和肝內膽管癌男","2012結腸癌男","2012口腔、口咽及下咽癌男","2012女性乳房癌男","2012攝護腺癌男","2012食道癌男","2012胃癌男","2012胰臟癌男","2012直腸和肛門癌男","2012子宮頸癌男","2013白血病男","2013非何杰金氏淋巴瘤男","2013肺、支氣管及氣管癌男","2013肝和肝內膽管癌男","2013結腸癌男","2013口腔、口咽及下咽癌男","2013女性乳房癌男","2013攝護腺癌男","2013食道癌男","2013胃癌男","2013胰臟癌男","2013直腸和肛門癌男","2013子宮頸癌男","2014白血病男","2014非何杰金氏淋巴瘤男","2014肺、支氣管及氣管癌男","2014肝和肝內膽管癌男","2014結腸癌男","2014口腔、口咽及下咽癌男","2014女性乳房癌男","2014攝護腺癌男","2014食道癌男","2014胃癌男","2014胰臟癌男","2014直腸和肛門癌男","2014子宮頸癌男"
"1","嘉義市東區","51,477.50","87,921.75","99,667.87","59,842.78","55,110.96","40,587.19","#DIV/0!","48,771.40","228,124.56","74,176.70","109,376.20","","#DIV/0!","151,899.75","164,494.00","100,132.35","52,657.98","50,100.33","191,761.11","#DIV/0!","63,169.78","48,062.50","92,421.13","143,290.20","","#DIV/0!","113,926.33","70,423.25","120,426.55","42,064.29","54,717.07","56,970.57","#DIV/0!","79,853.26","181,371.88","118,112.05","192,245.43","","#DIV/0!","219,256.10","192,695.79","105,243.49","60,128.50","63,448.40","103,684.85","#DIV/0!","86,129.77","84,420.33","80,532.15","76,469.83","","#DIV/0!","46,875.67","175,443.56","110,589.95","76,560.86","","115,741.51","#DIV/0!","76,225.61","128,457.71","85,518.07","110,232.75","56,262.84","#DIV/0!","71,692.78","99,874.18","149,997.52","69,089.96","","141,002.76","#DIV/0!","56,864.05","100,746.67","107,408.36","35,499.56","78,754.13","#DIV/0!","134,269.10","159,834.08","156,212.19","56,632.65","","130,605.93","#DIV/0!","45,281.89","56,566.44","99,149.57","60,434.45","82,182.73","#DIV/0!","171,257.60","53,665.33","77,726.73","55,506.53","","101,945.00","#DIV/0!","52,053.39","86,732.60","74,410.29","3,624.71","53,390.13","#DIV/0!","260,829.20","85,920.89","115,860.27","87,258.23","","58,376.20","#DIV/0!","50,924.90","62,521.60","62,142.13","36,127.29","69,810.85","#DIV/0!","315,167.29","182,786.69","148,992.59","114,700.86","","114,518.39","#DIV/0!","48,694.91","33,481.56","99,521.50","68,940.64","74,924.76","#DIV/0!","247,085.36","98,753.03","117,617.96","111,705.13","","85,604.81","#DIV/0!","55,324.47","70,701.75","65,403.09","94,311.44","60,986.12","#DIV/0!"
"2","嘉義市西區","189,487.67","195,357.60","61,110.56","64,853.78","70,248.07","114,600.91","#DIV/0!","78,089.36","99,159.33","58,871.50","76,849.60","","#DIV/0!","111,854.40","183,944.11","101,144.75","70,023.09","58,936.83","135,099.03","#DIV/0!","89,881.42","153,193.55","51,354.88","85,468.50","","#DIV/0!","21,176.43","49,235.89","122,163.46","56,073.16","66,271.40","89,744.68","#DIV/0!","85,997.23","104,733.22","61,068.11","13,593.64","","#DIV/0!","32,716.00","62,386.69","97,947.82","75,970.37","65,416.99","109,352.31","#DIV/0!","64,206.18","80,570.08","73,431.77","104,849.38","","#DIV/0!","96,317.91","281,681.80","144,826.83","60,474.91","","129,493.57","#DIV/0!","66,121.23","73,081.17","54,338.12","123,554.40","61,091.15","#DIV/0!","18,165.29","204,524.21","76,807.84","62,929.68","","161,167.47","#DIV/0!","66,481.91","178,068.41","37,604.97","106,570.93","73,909.68","#DIV/0!","288,939.71","128,451.82","83,147.39","69,871.72","","125,567.13","#DIV/0!","56,040.28","62,927.88","41,296.66","70,750.29","72,310.04","#DIV/0!","77,150.40","123,047.00","96,613.65","60,559.28","","86,329.24","#DIV/0!","50,980.74","217,736.25","75,559.00","77,549.25","51,085.69","#DIV/0!","146,812.43","116,787.12","155,979.12","70,810.76","","72,428.14","#DIV/0!","61,609.87","43,388.83","148,256.26","107,463.00","48,971.59","#DIV/0!","266,696.63","103,143.31","150,260.83","96,873.94","","84,659.79","#DIV/0!","67,128.89","83,099.67","82,379.43","97,094.75","79,686.88","#DIV/0!","193,236.27","201,695.38","153,626.85","115,442.88","","59,227.97","#DIV/0!","75,179.85","101,371.38","50,025.41","91,815.50","48,792.23","#DIV/0!"
"3","嘉義縣阿里山鄉","#DIV/0!","69,525.00","2,070.00","1,863.40","15,490.00","#DIV/0!","#DIV/0!","142,973.00","#DIV/0!","106.5","#DIV/0!","","#DIV/0!","#DIV/0!","#DIV/0!","518.4","56,502.50","73,126.00","#DIV/0!","#DIV/0!","115,469.50","#DIV/0!","102,630.75","0","","#DIV/0!","#DIV/0!","#DIV/0!","46,539.43","41,879.25","42,094.00","#DIV/0!","#DIV/0!","88,429.50","#DIV/0!","454,293.00","#DIV/0!","","#DIV/0!","#DIV/0!","#DIV/0!","46,315.83","89,414.33","73,030.50","#DIV/0!","#DIV/0!","172,570.67","#DIV/0!","0","#DIV/0!","","#DIV/0!","#DIV/0!","#DIV/0!","303,296.50","88,183.67","","465,339.00","#DIV/0!","37,253.75","#DIV/0!","79,488.00","#DIV/0!","25,192.75","#DIV/0!","#DIV/0!","#DIV/0!","144,310.67","50,597.00","","133,337.00","#DIV/0!","43,644.00","#DIV/0!","#DIV/0!","#DIV/0!","37,099.67","#DIV/0!","#DIV/0!","1,143.00","4,627.67","36,879.67","","1,910.00","#DIV/0!","50,128.57","#DIV/0!","2,992.00","#DIV/0!","95,545.75","#DIV/0!","#DIV/0!","115,758.00","42,942.25","54,376.75","","0","#DIV/0!","75,240.29","#DIV/0!","#DIV/0!","#DIV/0!","10,289.25","#DIV/0!","#DIV/0!","8,316.00","103,396.00","182,214.50","","21,871.00","#DIV/0!","50,258.63","#DIV/0!","#DIV/0!","#DIV/0!","592.33","#DIV/0!","#DIV/0!","11,786.00","112,052.17","50,567.25","","14,686.00","#DIV/0!","45,168.30","281,114.00","0","#DIV/0!","2,083.20","#DIV/0!","#DIV/0!","366,994.50","141,108.75","44,725.50","","4,480.00","#DIV/0!","91,611.70","53,837.00","190,991.00","#DIV/0!","49,386.25","#DIV/0!"
"4","嘉義縣布袋鎮","149,025.33","158,201.00","77,888.62","47,546.34","58,137.65","95,206.57","#DIV/0!","69,447.48","7,215.67","191,751.50","46,974.38","","#DIV/0!","#DIV/0!","23,532.75","119,262.44","60,739.86","50,710.15","68,621.38","#DIV/0!","45,504.38","194,449.67","85,856.80","14,156.00","","#DIV/0!","174,237.00","84,443.80","164,443.41","51,769.04","72,700.31","78,897.08","#DIV/0!","63,382.87","177,009.67","97,737.40","39,612.00","","#DIV/0!","320,136.00","180,287.80","94,095.62","56,254.60","92,541.22","92,536.56","#DIV/0!","61,126.72","71,365.00","73,423.67","142,185.50","","#DIV/0!","#DIV/0!","18,960.88","146,831.58","58,659.83","","120,001.67","#DIV/0!","68,719.19","114,969.50","55,237.81","195,439.40","82,747.71","#DIV/0!","267,181.50","74,132.00","192,369.53","37,080.13","","126,662.37","#DIV/0!","55,511.16","89,217.25","50,216.70","122,512.43","67,606.61","#DIV/0!","183,530.00","83,940.50","139,598.02","44,222.29","","134,072.10","#DIV/0!","53,586.96","54,940.50","62,194.89","98,061.75","66,454.48","#DIV/0!","308,469.00","54,991.20","151,576.56","51,281.60","","67,583.28","#DIV/0!","49,734.81","72,028.33","56,799.00","13,067.67","53,814.36","#DIV/0!","326,107.00","186,906.60","101,600.85","26,966.12","","70,552.87","#DIV/0!","47,846.36","73,693.20","9,393.53","11,271.33","55,033.38","#DIV/0!","0","250,492.25","150,496.87","57,111.23","","99,659.42","#DIV/0!","70,445.59","129,706.00","25,094.65","103,553.50","70,749.87","#DIV/0!","183,121.67","109,735.00","101,787.00","52,345.84","","71,526.19","#DIV/0!","53,257.71","72,442.71","43,686.50","#DIV/0!","41,261.63","#DIV/0!"
"5","嘉義縣大埔鄉","#DIV/0!","#DIV/0!","4,279.00","83,390.50","19,931.00","147,611.50","#DIV/0!","81,776.33","64,352.50","9,426.00","#DIV/0!","","#DIV/0!","#DIV/0!","#DIV/0!","49,743.43","55,946.50","993","8,877.00","#DIV/0!","63,794.50","27,010.50","37,561.00","#DIV/0!","","#DIV/0!","#DIV/0!","#DIV/0!","99,988.00","82,286.33","19,081.00","381,361.00","#DIV/0!","36,907.00","#DIV/0!","17,387.00","#DIV/0!","","#DIV/0!","#DIV/0!","#DIV/0!","130,616.25","86,976.25","1,589.50","205,038.00","#DIV/0!","697.5","4,034.50","28,130.00","0","","#DIV/0!","#DIV/0!","#DIV/0!","370,548.50","196,530.33","","41,961.00","#DIV/0!","194,454.50","4,037.50","26,560.00","#DIV/0!","259,026.33","#DIV/0!","#DIV/0!","#DIV/0!","128,035.50","57,778.50","","145,817.33","#DIV/0!","20,536.50","2,995.00","15,849.00","#DIV/0!","145,145.50","#DIV/0!","567,188.50","#DIV/0!","345,738.50","190,700.67","","41,676.40","#DIV/0!","437,146.00","29,434.00","147,690.00","4,579.00","94,791.25","#DIV/0!","#DIV/0!","#DIV/0!","2,342.00","183,409.33","","309,603.20","#DIV/0!","#DIV/0!","223,239.50","76,496.00","#DIV/0!","5,821.29","#DIV/0!","#DIV/0!","#DIV/0!","#DIV/0!","206,684.00","","258,446.33","#DIV/0!","#DIV/0!","1,648.00","22,429.00","#DIV/0!","3,201.67","#DIV/0!","#DIV/0!","#DIV/0!","96,025.50","22,106.00","","294,802.00","#DIV/0!","40,251.50","7,811.00","370","#DIV/0!","40,547.17","#DIV/0!","41,990.00","126,453.00","59,761.40","8,040.00","","70,658.00","#DIV/0!","103,715.00","19,227.00","#DIV/0!","#DIV/0!","58,870.80","#DIV/0!"
"6","嘉義縣大林鎮","473,428.25","91,045.20","187,996.25","66,402.37","98,726.96","103,467.45","#DIV/0!","78,215.41","73,472.60","81,326.64","175,084.00","","#DIV/0!","265,678.00","169,675.38","92,389.09","64,904.26","83,724.34","81,980.14","#DIV/0!","86,690.91","122,566.50","148,884.43","135,718.00","","#DIV/0!","558,689.00","72,948.88","98,612.73","42,543.46","80,284.08","170,271.67","#DIV/0!","139,674.52","161,855.00","64,374.00","83,767.00","","#DIV/0!","278,016.50","68,385.67","69,890.93","49,401.93","75,518.42","132,974.10","#DIV/0!","71,076.41","173,342.14","14,954.25","#DIV/0!","","#DIV/0!","380,616.00","181,521.00","102,422.82","66,172.56","","126,035.38","#DIV/0!","66,609.78","154,041.00","26,745.27","125,783.00","104,716.44","#DIV/0!","406,738.00","201,730.75","150,962.95","58,726.19","","105,139.08","#DIV/0!","69,156.33","107,829.40","94,049.12","231,033.50","53,870.57","#DIV/0!","757,875.00","189,957.30","101,133.71","55,625.38","","146,019.25","#DIV/0!","46,783.77","162,949.00","46,205.29","68,974.50","49,730.02","#DIV/0!","604,630.00","133,314.00","105,751.50","85,333.72","","121,222.36","#DIV/0!","62,561.46","65,987.00","68,131.30","116,945.00","75,601.29","#DIV/0!","315,570.50","135,439.75","104,640.27","84,665.62","","64,627.38","#DIV/0!","67,970.71","225,297.50","7,873.07","19,241.67","83,905.84","#DIV/0!","76,593.00","312,669.82","138,557.93","99,128.61","","121,409.83","#DIV/0!","62,133.08","351,331.40","69,096.24","190,517.14","112,271.97","#DIV/0!","87,676.00","239,497.17","183,742.45","68,156.57","","138,911.28","#DIV/0!","58,054.52","111,522.33","139,283.63","132,748.57","71,872.59","#DIV/0!"
"7","嘉義縣東石鄉","107,799.00","28,676.80","74,338.58","42,696.42","58,419.47","55,228.06","#DIV/0!","73,931.67","71,021.67","114,520.55","58,327.00","","#DIV/0!","115,744.50","18,452.29","44,184.27","51,147.12","107,521.44","244,459.17","#DIV/0!","45,301.00","179,886.00","95,631.85","534.5","","#DIV/0!","227,232.00","31,283.38","120,022.72","61,670.06","73,476.49","117,159.25","#DIV/0!","29,968.08","66,817.33","53,783.87","8,846.50","","#DIV/0!","98,774.00","54,071.14","85,902.65","54,321.07","72,868.00","40,428.29","#DIV/0!","39,949.38","79,499.00","60,937.17","71,879.33","","#DIV/0!","78,329.50","41,661.64","81,295.68","46,828.08","","112,378.60","#DIV/0!","44,507.98","294,006.83","108,169.59","7,777.67","51,113.00","#DIV/0!","54,763.50","112,651.33","97,631.58","65,637.47","","69,226.75","#DIV/0!","77,321.34","194,529.22","64,929.33","88,840.50","48,568.56","#DIV/0!","20,094.00","75,775.88","137,037.07","67,240.05","","98,284.74","#DIV/0!","53,988.07","196,571.17","79,966.33","53,335.71","66,230.58","#DIV/0!","4,014.33","171,110.33","166,444.21","40,151.35","","66,053.13","#DIV/0!","66,790.08","94,182.33","89,694.19","114","50,264.09","#DIV/0!","3,394.00","226,850.50","141,884.00","49,855.74","","76,418.37","#DIV/0!","70,781.00","14,264.33","122,753.86","1,642.00","55,723.27","#DIV/0!","4,350.50","207,444.30","154,200.97","72,469.10","","92,124.09","#DIV/0!","62,281.96","76,530.00","70,636.19","8,115.00","39,192.85","#DIV/0!","62,693.50","231,709.40","151,575.87","67,277.14","","108,012.60","#DIV/0!","47,616.55","195,159.60","112,320.00","3,434.67","49,912.86","#DIV/0!"
"8","嘉義縣番路鄉","424,756.50","420","88,009.00","105,570.92","100,234.67","180,457.38","#DIV/0!","181,242.00","#DIV/0!","7,531.33","#DIV/0!","","#DIV/0!","382,714.00","53,214.67","69,623.33","22,703.22","25,758.11","120,260.63","#DIV/0!","107,469.33","5,880.00","4,370.00","#DIV/0!","","#DIV/0!","2,623.00","0","47,212.20","43,287.50","82,716.50","25,678.00","#DIV/0!","105,008.00","0","4,477.50","862","","#DIV/0!","5,459.67","94,888.00","38,210.56","76,685.58","55,338.92","84,877.00","#DIV/0!","55,392.63","0","117,024.25","16,345.50","","#DIV/0!","1,239.00","0","117,506.11","47,409.67","","105,166.73","#DIV/0!","20,358.20","#DIV/0!","2,232.00","0","63,780.85","#DIV/0!","#DIV/0!","#DIV/0!","146,069.44","110,856.25","","49,344.82","#DIV/0!","19,909.50","#DIV/0!","3,010.00","0","66,848.94","#DIV/0!","297,333.00","#DIV/0!","54,907.00","44,558.30","","89,368.20","#DIV/0!","74,396.82","#DIV/0!","2,552.50","2,206.50","69,745.00","#DIV/0!","523,128.00","17,264.00","71,347.40","67,167.00","","108,312.00","#DIV/0!","36,222.92","554,782.00","3,318.00","0","32,699.35","#DIV/0!","0","6,447.50","109,969.70","105,405.31","","54,068.62","#DIV/0!","72,033.16","67,159.67","138,141.00","#DIV/0!","27,185.21","#DIV/0!","#DIV/0!","11,167.00","235,093.69","178,174.75","","53,467.07","#DIV/0!","51,848.76","85,341.67","25,497.50","#DIV/0!","92,883.94","#DIV/0!","62,538.00","13,237.00","190,304.64","92,876.15","","158,899.71","#DIV/0!","30,996.00","16,741.00","15,781.00","127,672.50","115,063.62","#DIV/0!"
"9","嘉義縣六腳鄉","0","100,188.00","95,940.20","35,796.02","52,022.34","22,838.08","#DIV/0!","57,561.14","7,174.00","42,832.20","56,107.00","","#DIV/0!","382,064.00","116,289.67","93,784.97","38,773.04","69,258.49","21,254.07","#DIV/0!","25,937.47","141,613.00","24,213.60","183,312.00","","#DIV/0!","439,644.00","70,452.67","136,999.81","32,506.10","36,746.41","115,169.08","#DIV/0!","56,789.80","135,741.50","53,239.06","116,143.20","","#DIV/0!","1,004,034.50","49,862.75","133,281.00","58,794.06","52,605.69","54,443.56","#DIV/0!","66,280.43","186,106.00","90,088.36","#DIV/0!","","#DIV/0!","51,486.67","89,085.92","118,333.68","55,734.91","","97,533.50","#DIV/0!","39,329.00","#DIV/0!","114,142.70","24,335.33","35,833.88","#DIV/0!","135","23,371.67","58,643.00","53,377.13","","96,207.63","#DIV/0!","73,007.24","361,534.00","37,307.15","125,539.00","71,035.71","#DIV/0!","213,741.00","410,931.60","144,664.03","41,486.61","","137,759.43","#DIV/0!","33,508.90","120,990.00","103,434.00","12,799.00","42,525.64","#DIV/0!","3,498.00","166,822.29","137,911.30","46,169.10","","84,725.16","#DIV/0!","34,554.63","84,123.00","54,515.80","0","81,013.18","#DIV/0!","#DIV/0!","69,126.33","65,780.83","54,597.20","","36,493.67","#DIV/0!","46,050.03","48,943.33","108,703.63","77,228.33","64,006.51","#DIV/0!","3,088.00","232,121.50","112,463.22","111,220.90","","64,273.63","#DIV/0!","69,430.21","39,941.00","62,060.50","43,766.50","40,283.79","#DIV/0!","588,820.33","56,874.42","123,726.49","60,134.38","","94,446.34","#DIV/0!","81,253.50","148,072.50","204,617.82","48,742.60","48,476.63","#DIV/0!"
"10","嘉義縣鹿草鄉","216,133.00","240,359.00","139,166.43","31,747.92","58,009.53","63,986.38","#DIV/0!","68,464.29","122.5","10,289.83","19,419.50","","#DIV/0!","209,137.00","81,189.80","118,321.42","60,879.59","65,977.89","110,054.42","#DIV/0!","72,031.16","694.33","63,570.50","19,341.50","","#DIV/0!","560,782.50","#DIV/0!","55,600.88","55,966.56","52,607.10","58,050.91","#DIV/0!","58,798.79","739,240.00","34,618.56","2,532.00","","#DIV/0!","709,783.00","0","99,027.95","59,498.12","70,865.16","165,024.00","#DIV/0!","58,985.78","5,101.00","49,942.67","0","","#DIV/0!","370,812.00","30,398.33","159,403.13","61,660.03","","111,706.42","#DIV/0!","53,907.79","0","59,678.78","0","33,722.23","#DIV/0!","4,664.67","19,756.00","153,042.61","66,442.30","","136,885.83","#DIV/0!","32,178.42","3,255.80","52,106.91","69,237.50","30,196.88","#DIV/0!","370,946.75","9,994.33","195,747.69","59,988.60","","43,359.85","#DIV/0!","43,883.19","159,505.00","28,247.09","0","59,211.78","#DIV/0!","290,950.67","46,647.50","138,389.36","55,775.96","","46,903.25","#DIV/0!","39,270.68","77,502.00","20,115.67","7,493.50","43,670.23","#DIV/0!","64,926.33","81,387.67","159,011.39","83,986.79","","92,191.56","#DIV/0!","36,298.09","60,583.33","13,179.00","651","61,916.43","#DIV/0!","27,836.00","86,655.00","256,093.50","116,581.67","","75,934.87","#DIV/0!","65,630.04","217,687.75","51,457.56","25,273.33","32,384.92","#DIV/0!","28,953.50","195,286.50","150,816.94","124,692.77","","169,114.32","#DIV/0!","58,371.47","678,896.67","124,463.50","23,711.00","45,334.04","#DIV/0!"
"11","嘉義縣梅山鄉","#DIV/0!","38,018.60","109,670.79","82,384.30","66,580.23","54,865.71","#DIV/0!","73,653.06","6,526.00","124,501.25","4,293.00","","#DIV/0!","#DIV/0!","24,026.25","77,982.13","79,863.06","53,447.64","123,168.43","#DIV/0!","58,187.72","13,880.00","30,221.50","#DIV/0!","","#DIV/0!","0","2,865.50","62,032.47","26,329.40","79,544.79","232,625.11","#DIV/0!","73,159.88","161,537.80","16,935.67","0","","#DIV/0!","#DIV/0!","139,629.40","158,696.83","46,891.30","79,421.77","165,431.62","#DIV/0!","72,716.73","57,826.25","66,457.50","1,801.00","","#DIV/0!","254,706.00","163,368.67","137,346.41","73,958.47","","227,263.68","#DIV/0!","43,645.45","148,792.00","117,307.33","#DIV/0!","89,790.64","#DIV/0!","444,725.33","105,317.63","91,087.59","61,187.44","","139,292.87","#DIV/0!","64,771.00","386,048.20","101,600.00","54,825.00","36,153.30","#DIV/0!","539,584.50","73,356.33","193,352.67","70,564.14","","59,152.45","#DIV/0!","22,538.24","30,020.80","39,574.33","#DIV/0!","121,472.79","#DIV/0!","622,949.50","139,448.00","46,049.83","24,818.46","","18,733.21","#DIV/0!","48,122.10","32,918.50","126,773.33","#DIV/0!","85,309.75","#DIV/0!","478,695.00","65,031.00","171,765.50","63,159.53","","41,885.33","#DIV/0!","97,467.21","72,289.00","193,982.67","#DIV/0!","35,411.85","#DIV/0!","465,082.33","231,823.33","210,463.69","46,943.50","","87,141.25","#DIV/0!","56,690.11","83,726.25","44,620.67","#DIV/0!","51,164.44","#DIV/0!","883,778.00","325,140.17","146,662.33","70,042.58","","86,394.83","#DIV/0!","70,701.74","73,060.67","153,699.20","47,051.00","78,046.78","#DIV/0!"
"12","嘉義縣民雄鄉","296,673.67","106,870.00","119,903.59","68,628.95","89,935.00","23,476.75","#DIV/0!","44,242.04","146,957.50","78,482.27","102,043.00","","#DIV/0!","98,509.00","126,669.50","212,746.76","55,315.56","76,774.82","123,999.88","#DIV/0!","83,035.19","192,042.25","41,746.13","99,542.00","","#DIV/0!","79,702.00","175,863.00","151,184.56","80,043.60","77,405.94","81,631.50","#DIV/0!","89,713.57","29,940.50","64,451.47","20,898.80","","#DIV/0!","186,178.00","96,885.08","118,456.39","85,704.95","82,873.16","109,765.25","#DIV/0!","74,481.34","22,476.67","56,274.33","9,041.00","","#DIV/0!","160,704.50","185,723.80","67,049.63","81,953.66","","124,430.00","#DIV/0!","60,070.48","92,781.50","59,080.05","4,522.75","62,888.23","#DIV/0!","40,754.00","97,772.73","71,178.72","99,801.60","","134,112.27","#DIV/0!","56,451.70","150,519.57","95,243.60","48,900.50","74,773.75","#DIV/0!","44,789.50","269,260.92","53,360.05","78,865.14","","98,841.58","#DIV/0!","44,334.56","121,467.43","88,377.59","84,202.80","70,337.57","#DIV/0!","2,522.50","167,953.90","174,277.00","62,697.98","","58,892.12","#DIV/0!","63,562.67","26,390.00","155,773.78","12,621.00","75,083.56","#DIV/0!","4,484.00","135,438.71","131,414.23","80,030.22","","135,408.48","#DIV/0!","61,655.74","204,206.67","76,553.83","10,264.50","74,399.18","#DIV/0!","3,964.00","82,714.22","134,812.14","86,064.92","","134,253.33","#DIV/0!","50,063.15","197,567.88","75,821.25","83,441.00","58,838.66","#DIV/0!","7,128.00","146,834.54","149,294.58","115,139.55","","114,172.33","#DIV/0!","61,917.07","67,861.00","150,637.80","28,309.20","63,292.82","#DIV/0!"
"13","嘉義縣朴子市","8,072.00","0","70,223.10","30,180.09","39,243.27","76,847.53","#DIV/0!","30,313.88","0","76,268.88","78,560.75","","#DIV/0!","#DIV/0!","31,164.00","84,541.82","46,491.38","43,263.68","48,098.57","#DIV/0!","35,031.10","#DIV/0!","66,601.38","66,258.29","","#DIV/0!","#DIV/0!","355,898.50","108,464.16","86,312.16","51,823.94","128,409.24","#DIV/0!","53,421.03","0","91,232.39","131,779.25","","#DIV/0!","4,100.00","22,780.00","115,130.04","73,917.29","38,335.63","53,955.42","#DIV/0!","71,598.75","1,361.33","67,802.94","46,464.67","","#DIV/0!","41,537.50","160","130,952.00","52,482.69","","108,428.74","#DIV/0!","51,867.14","249,611.50","96,842.26","167,310.33","117,470.24","#DIV/0!","96,318.00","12,277.00","194,756.84","43,988.89","","77,223.15","#DIV/0!","69,714.05","0","60,647.11","24,899.67","62,047.12","#DIV/0!","953,319.00","131,463.75","172,491.76","52,708.74","","81,046.75","#DIV/0!","60,766.05","244,523.50","82,042.50","3,192.00","71,435.09","#DIV/0!","908,515.00","75,052.88","118,898.56","42,896.41","","93,091.85","#DIV/0!","62,509.91","15,871.00","97,145.08","134,581.00","38,272.69","#DIV/0!","830,166.00","141,947.29","126,216.20","49,002.84","","97,366.46","#DIV/0!","62,989.14","56,383.33","65,241.40","441","50,714.32","#DIV/0!","446,178.00","96,374.40","163,623.52","72,908.57","","71,504.20","#DIV/0!","71,375.17","115,846.63","97,898.38","1,906.60","63,155.89","#DIV/0!","669,972.00","104,132.10","167,953.06","71,243.05","","132,250.16","#DIV/0!","61,955.97","72,550.56","63,336.58","140,749.40","45,563.47","#DIV/0!"
"14","嘉義縣水上鄉","256,382.50","66,213.56","70,030.21","72,009.54","64,511.79","239,211.06","#DIV/0!","82,387.47","61,545.80","175,925.84","165,080.00","","#DIV/0!","668,432.50","43,634.78","94,146.93","46,956.22","48,719.87","97,378.46","#DIV/0!","61,262.26","280,033.80","77,905.79","90,646.17","","#DIV/0!","218,641.33","186,976.27","88,000.14","53,783.16","44,918.03","215,659.62","#DIV/0!","61,482.25","266,916.00","116,036.74","5,504.44","","#DIV/0!","144,635.25","109,626.31","180,313.94","44,269.55","47,895.75","63,606.43","#DIV/0!","63,715.75","91,302.00","64,264.11","44,730.43","","#DIV/0!","13,002.00","72,658.73","115,432.91","47,672.64","","146,759.89","#DIV/0!","76,136.41","138,767.33","37,879.38","56,478.17","49,789.87","#DIV/0!","24,488.80","142,259.92","134,374.28","56,379.31","","107,826.13","#DIV/0!","80,411.81","142,916.50","98,472.45","84,092.17","57,148.35","#DIV/0!","96,780.00","78,573.63","123,987.73","72,695.40","","110,657.08","#DIV/0!","75,439.94","49,165.60","58,151.94","245,027.00","60,263.28","#DIV/0!","164,578.67","56,544.50","192,709.58","62,390.19","","84,236.74","#DIV/0!","105,479.91","181,694.25","38,416.67","0","41,946.04","#DIV/0!","353,021.00","21,236.73","85,189.26","101,997.62","","128,088.52","#DIV/0!","62,129.62","119,279.00","20,181.54","26,074.00","32,551.99","#DIV/0!","26,781.25","111,536.07","155,412.63","94,789.57","","47,280.69","#DIV/0!","99,037.35","193,590.29","12,952.00","142,669.43","57,041.13","#DIV/0!","674,846.00","165,778.25","178,537.05","59,050.55","","91,112.73","#DIV/0!","69,621.84","109,842.75","144,489.64","0","53,933.86","#DIV/0!"
"15","嘉義縣太保市","11,561.75","203,247.00","55,784.12","32,653.77","68,950.20","123,760.80","#DIV/0!","46,656.80","262,741.75","52,072.33","109,929.00","","#DIV/0!","106,185.00","0","118,853.93","48,984.26","59,186.96","131,298.57","#DIV/0!","143,742.50","12,096.50","27,589.40","70,439.33","","#DIV/0!","271,150.33","254,352.00","207,756.69","70,241.97","35,961.42","113,609.75","#DIV/0!","35,822.95","#DIV/0!","29,692.40","6,028.50","","#DIV/0!","154,161.00","253,699.00","106,303.90","43,421.00","47,843.35","139,878.18","#DIV/0!","54,483.95","131,325.00","63,218.13","43,119.00","","#DIV/0!","36,698.50","23,160.00","208,414.04","80,354.08","","63,283.29","#DIV/0!","39,635.85","226,210.00","56,157.83","979","69,727.87","#DIV/0!","41,674.50","52,526.75","132,712.50","107,566.00","","222,397.79","#DIV/0!","56,147.57","149,471.33","78,646.29","161,440.00","48,455.32","#DIV/0!","34,601.50","90,292.50","115,614.22","56,413.57","","102,788.37","#DIV/0!","51,508.23","18,426.00","103,998.83","240,729.00","83,717.15","#DIV/0!","34,065.33","62,789.00","83,152.81","94,351.13","","150,810.88","#DIV/0!","67,929.59","23,757.50","26,544.25","169,629.00","39,680.43","#DIV/0!","29,845.33","174,135.38","138,886.60","85,495.03","","127,358.71","#DIV/0!","38,168.55","15,163.50","40,606.60","955","48,012.64","#DIV/0!","106,080.33","319,426.10","164,988.63","48,126.65","","133,405.71","#DIV/0!","66,704.66","11,715.75","97,840.50","52,181.75","64,820.42","#DIV/0!","329,413.50","148,100.75","106,682.65","88,188.55","","53,644.53","#DIV/0!","67,919.06","70,810.57","128,796.17","9,440.50","44,980.34","#DIV/0!"
"16","嘉義縣溪口鄉","#DIV/0!","223,555.25","91,687.28","69,750.71","96,868.15","19,424.33","#DIV/0!","129,022.27","2,036.00","8,156.33","204,084.00","","#DIV/0!","#DIV/0!","119,915.00","72,132.67","67,839.07","65,645.61","127,258.75","#DIV/0!","75,322.25","87,233.00","0","0","","#DIV/0!","#DIV/0!","46,931.67","31,526.53","53,262.62","99,829.96","112,243.50","#DIV/0!","56,108.00","102,740.00","28,577.50","52,195.33","","#DIV/0!","#DIV/0!","98,294.33","79,412.11","52,340.13","57,605.32","20,632.40","#DIV/0!","44,303.00","371,566.50","96,338.50","30,159.50","","#DIV/0!","3,335.00","11,976.50","99,979.20","57,026.07","","141,083.50","#DIV/0!","106,971.22","90,348.75","40,069.33","6,338.50","55,591.50","#DIV/0!","238,435.00","65,230.67","114,311.91","45,686.73","","110,584.90","#DIV/0!","39,113.81","113,992.00","865","145,137.00","99,130.35","#DIV/0!","9,195.00","199,134.50","64,724.19","106,119.07","","44,615.20","#DIV/0!","39,598.29","245,490.00","124,441.33","27,294.25","107,404.88","#DIV/0!","3,704.00","187,088.50","92,035.83","81,562.85","","36,100.89","#DIV/0!","71,628.68","538,840.50","191,444.33","0","77,793.88","#DIV/0!","1,050.00","240,053.00","59,934.63","98,510.90","","10,771.30","#DIV/0!","53,619.55","#DIV/0!","146,780.50","104,609.00","36,176.42","#DIV/0!","#DIV/0!","222,442.00","83,784.48","102,277.63","","56,350.25","#DIV/0!","69,244.67","192,645.00","4,988.67","28,270.33","121,692.30","#DIV/0!","467","51,503.67","108,958.27","95,983.94","","109,693.73","#DIV/0!","81,483.04","99,199.50","68,307.00","0","49,450.27","#DIV/0!"
"17","嘉義縣新港鄉","#DIV/0!","318,790.67","162,941.90","32,400.69","78,242.21","178,343.33","#DIV/0!","86,292.47","66,180.83","121,023.00","15,298.25","","#DIV/0!","122,126.67","50,207.00","143,096.77","28,701.65","33,539.38","77,207.80","#DIV/0!","68,467.35","187,538.00","58,050.30","107,786.50","","#DIV/0!","413,857.50","64,684.60","80,235.48","54,899.54","66,233.93","110,776.33","#DIV/0!","70,197.38","256,889.22","52,015.30","99,729.60","","#DIV/0!","545,356.50","94,895.75","142,636.21","54,028.37","60,572.47","44,314.31","#DIV/0!","71,699.06","26,491.33","124,941.45","423,625.00","","#DIV/0!","732,623.50","61,485.50","106,199.17","96,542.23","","107,946.71","#DIV/0!","62,572.92","76,721.40","62,836.75","3,218.50","63,649.46","#DIV/0!","1,059,785.00","168,518.14","185,716.18","61,350.78","","40,579.24","#DIV/0!","62,134.75","560,334.00","45,592.86","109,718.67","81,492.51","#DIV/0!","395,069.80","91,368.63","178,579.18","43,123.27","","159,289.48","#DIV/0!","41,454.34","358,003.75","34,645.40","6,097.67","72,613.98","#DIV/0!","209,982.60","146,681.40","74,223.08","52,120.00","","117,517.22","#DIV/0!","71,155.12","17,153.50","21,449.60","47,566.00","36,327.17","#DIV/0!","240,581.00","152,660.56","190,641.48","49,742.74","","103,851.47","#DIV/0!","81,033.75","239,214.67","9,137.83","2,556.00","51,386.29","#DIV/0!","268,915.25","136,445.43","123,961.72","69,257.93","","95,689.73","#DIV/0!","86,496.13","106,974.40","68,179.13","345,520.50","56,258.85","#DIV/0!","243,520.50","133,907.31","121,505.29","64,210.75","","81,382.59","#DIV/0!","87,249.65","14,376.67","40,557.13","95,389.75","36,828.92","#DIV/0!"
"18","嘉義縣義竹鄉","#DIV/0!","16,635.60","107,096.27","64,510.37","62,559.36","27,223.70","#DIV/0!","51,592.70","480.5","123,873.33","45,507.33","","#DIV/0!","50,722.00","30,860.50","73,540.92","75,554.58","75,571.45","112,225.00","#DIV/0!","76,330.96","390,333.25","177,721.11","4,233.00","","#DIV/0!","#DIV/0!","28,336.00","105,314.15","47,690.50","66,913.54","28,701.89","#DIV/0!","70,672.87","183,260.25","62,548.55","5,965.67","","#DIV/0!","#DIV/0!","182,022.00","129,276.24","87,163.55","72,011.04","84,991.38","#DIV/0!","80,513.68","17,544.50","99,032.43","12,874.00","","#DIV/0!","479,472.67","239,668.20","154,461.31","50,118.21","","64,722.33","#DIV/0!","67,152.96","16,103.00","119,715.83","1,802.67","57,051.98","#DIV/0!","3,412.00","136,298.33","205,800.06","54,261.64","","68,145.77","#DIV/0!","66,092.06","95,780.75","73,156.45","22,832.33","50,514.12","#DIV/0!","6,373.50","227,691.29","137,703.76","34,065.02","","70,076.93","#DIV/0!","67,532.54","188,236.60","122,954.23","14,097.50","45,878.59","#DIV/0!","0","160,867.25","72,748.67","68,093.00","","205,096.38","#DIV/0!","46,137.50","132,535.00","50,204.38","56,203.00","44,998.94","#DIV/0!","23,901.00","68,144.33","113,700.91","40,793.28","","40,110.40","#DIV/0!","63,811.42","0","32,217.50","43,246.00","28,060.34","#DIV/0!","18,667.50","128,637.17","91,207.76","41,000.04","","95,276.53","#DIV/0!","53,084.43","413,992.00","130,341.75","278,620.00","38,258.59","#DIV/0!","438,974.00","69,506.33","132,536.21","52,825.92","","144,852.27","#DIV/0!","52,212.13","43,993.50","113,745.00","2,908.00","54,074.90","#DIV/0!"
"19","嘉義縣中埔鄉","4,939.00","4,883.33","111,133.91","48,154.67","98,120.85","25,595.93","#DIV/0!","38,656.73","111,280.40","12,871.50","206,960.33","","#DIV/0!","376.5","11,656.50","92,032.68","75,705.80","53,065.73","37,679.75","#DIV/0!","82,393.18","880","52,122.75","130,313.00","","#DIV/0!","438,652.67","1,238.00","113,672.26","73,649.36","62,921.61","169,776.64","#DIV/0!","118,322.47","66,730.60","163,218.80","14,854.33","","#DIV/0!","8,222.25","205,942.50","203,446.04","68,808.75","88,492.23","47,301.29","#DIV/0!","55,665.44","86,845.33","45,085.25","241,832.00","","#DIV/0!","36,962.00","156,808.67","145,200.85","80,595.41","","104,578.27","#DIV/0!","45,710.67","177,321.00","56,338.25","205,622.00","79,631.63","#DIV/0!","95,677.17","148,670.00","182,289.61","61,569.23","","67,245.70","#DIV/0!","60,242.42","105,257.33","94,423.30","107,499.33","81,107.02","#DIV/0!","52,842.75","165,994.00","121,236.53","62,497.41","","88,723.79","#DIV/0!","84,674.65","112,708.00","111,491.75","322","64,659.73","#DIV/0!","88,835.50","309,970.40","116,762.53","74,649.49","","69,050.08","#DIV/0!","70,516.64","76,522.75","121,187.18","#DIV/0!","93,152.97","#DIV/0!","82,236.67","150,363.50","198,632.78","85,342.92","","73,475.78","#DIV/0!","86,971.70","45,393.67","107,599.55","215,893.00","50,671.11","#DIV/0!","35,009.50","358,597.60","168,371.67","74,804.25","","64,958.03","#DIV/0!","59,905.07","56,029.83","158,663.91","139,018.00","89,104.62","#DIV/0!","6,118.00","462,327.00","159,879.47","121,836.96","","87,408.97","#DIV/0!","63,332.61","26,625.50","129,031.58","337,184.25","72,868.63","#DIV/0!"
"20","嘉義縣竹崎鄉","17,414.50","34,684.33","80,929.04","79,409.27","85,203.00","124,978.86","#DIV/0!","104,520.44","32,666.83","90,889.70","0","","#DIV/0!","26,816.00","71,272.50","64,969.52","74,305.08","116,221.29","135,671.70","#DIV/0!","26,971.41","11,747.50","37,648.38","38,259.00","","#DIV/0!","46,455.67","85,056.80","91,777.19","77,989.36","51,229.12","91,139.62","#DIV/0!","28,288.79","183,260.83","37,555.44","#DIV/0!","","#DIV/0!","195,992.50","94,019.67","58,769.27","52,668.96","45,246.11","104,735.16","#DIV/0!","45,436.05","229,347.00","38,600.56","63,809.50","","#DIV/0!","92,564.00","26,337.71","108,435.32","55,906.36","","72,943.05","#DIV/0!","41,059.52","86,002.33","16,083.83","66,343.20","56,425.72","#DIV/0!","#DIV/0!","30,272.43","104,088.70","52,145.68","","79,210.91","#DIV/0!","32,091.85","281,728.50","154,798.00","119,817.80","61,853.40","#DIV/0!","67,488.33","94,967.38","89,720.18","74,900.84","","100,723.59","#DIV/0!","68,167.50","157,576.17","20,622.17","179,550.50","101,607.10","#DIV/0!","#DIV/0!","66,980.17","14,037.43","63,123.15","","30,549.82","#DIV/0!","81,943.58","309,793.00","143,323.13","#DIV/0!","91,848.17","#DIV/0!","#DIV/0!","38,404.33","60,980.68","68,160.73","","50,262.42","#DIV/0!","38,547.32","21,505.00","38,242.50","#DIV/0!","51,436.24","#DIV/0!","#DIV/0!","121,068.67","114,952.03","71,265.82","","91,646.00","#DIV/0!","77,594.60","112,021.43","161,216.30","1,155.00","88,294.71","#DIV/0!","137,483.33","230,133.10","44,166.03","115,211.58","","86,000.88","#DIV/0!","61,204.71","42,090.38","72,648.00","1,454.00","63,246.70","#DIV/0!"
